{
  "triggers": [
    {
      "branchFilters": [],
      "pathFilters": [],
      "settingsSourceType": 2,
      "batchChanges": false,
      "maxConcurrentBuildsPerBranch": 1,
      "triggerType": "continuousIntegration"
    }
  ],
  "variables": {
    "BUILD_ARTIFACTSTAGINGDIRECTORY": {
      "value": "dist"
    },
    "PYTHON_VERSION": {
      "value": "3.7"
    }
  },
  "properties": {},
  "tags": [],
  "_links": "{}",
  "jobAuthorizationScope": "projectCollection",
  "jobTimeoutInMinutes": 60,
  "jobCancelTimeoutInMinutes": 5,
  "process": {
    "yamlFilename": "azure-pipelines.yml",
    "type": 2
  },
  "repository": {
    "properties": {
      "cloneUrl": "https://$Organization$@dev.azure.com/$Organization$/$ProjectName$/_git/databricks_notebooks",
      "fullName": "databricks_notebooks",
      "defaultBranch": "refs/heads/main",
      "isFork": "False",
      "safeRepository": "$databricks_notebooks$",
      "reportBuildStatus": "true"
    },
    "id": "$databricks_notebooks$",
    "type": "TfsGit",
    "name": "databricks_notebooks",
    "url": "https://$Organization$@dev.azure.com/$Organization$/$ProjectName$/_git/databricks_notebooks",
    "defaultBranch": "refs/heads/main",
    "clean": null,
    "checkoutSubmodules": false
  },
  "quality": "definition",
  "authoredBy": "{}",
  "drafts": [],
  "queue": {
    "_links": {
      "self": {
        "href": "https://dev.azure.com/$Organization$/_apis/build/Queues/$Azure Pipelines$"
      }
    },
    "id": "$Azure Pipelines$",
    "name": "Azure Pipelines",
    "url": "https://dev.azure.com/$Organization$/_apis/build/Queues/$Azure Pipelines$",
    "pool": {
      "id": "",
      "name": "Azure Pipelines",
      "isHosted": true
    }
  },
  "id": "",
  "name": "databricks_notebooks",
  "url": "",
  "uri": "",
  "path": "\\",
  "type": "build",
  "queueStatus": "enabled",
  "revision": 1,
  "createdDate": "",
  "project": "{}"
}