{
  "Extensions": [
    {
      "extensionName": "DevOps for Azure Databricks",
      "link": "<a href='https://marketplace.visualstudio.com/items?itemName=riserrad.azdo-databricks' target='_blank'><b>DevOps for Azure Databricks</b></a>",
      "publisherId": "riserrad",
      "extensionId": "azdo-databricks",
      "publisherName": "Microsoft DevLabs",
      "License": "<a href='https://marketplace.visualstudio.com/items?itemName=riserrad.azdo-databricks' target='_blank'>License Terms</a>"
    },
    {
      "extensionName": "SonarCloud",
      "link": "<a href='https://marketplace.visualstudio.com/items?itemName=SonarSource.sonarcloud' target='_blank'><b>SonarCloud</b></a>",
      "publisherId": "SonarSource",
      "extensionId": "sonarcloud",
      "publisherName": "SonarSource",
      "License": "<a href='https://marketplace.visualstudio.com/items?itemName=SonarSource.sonarcloud' target='_blank'>License Terms</a>"
    }
  ]
}